{
    "multipart": [
        {
            "when": { "north": "none", "east": "none", "south": "none", "west": "none" },
            "apply": { "model": "block/redstone_dust_dot" }
        },
        {
            "when": { "OR": [
                { "north": "side|up", "south": "side|up", "east": "none", "west": "none" },
                { "north": "side|up", "east": "none", "west": "none" },
                { "south": "side|up", "east": "none", "west": "none" }
            ]},
            "apply": { "model": "block/redstone_dust_line" }
        },
        {
            "when": { "OR": [
                { "east": "side|up", "west": "side|up", "north": "none", "south": "none" },
                { "east": "side|up", "north": "none", "south": "none" },
                { "west": "side|up", "north": "none", "south": "none" }
            ]},
            "apply": { "model": "block/redstone_dust_line", "y": 90 }
        },
        {
            "when": { "north": "side|up", "east": "side|up", "south": "side|up", "west": "side|up" },
            "apply": { "model": "block/redstone_dust_line_4" }
        },
        {
            "when": {  "north": "side|up", "south": "none", "east": "side|up", "west": "none" },
            "apply": { "model": "block/redstone_dust_line_2" }
        },
        {
            "when": {  "north": "side|up", "south": "none", "east": "none", "west": "side|up" },
            "apply": { "model": "block/redstone_dust_line_2", "y": 270 }
        },
        {
            "when": {  "south": "side|up", "north": "none", "east": "side|up", "west": "none" },
            "apply": { "model": "block/redstone_dust_line_2", "y": 90 }
        },
        {
            "when": {  "south": "side|up", "north": "none", "east": "none", "west": "side|up" },
            "apply": { "model": "block/redstone_dust_line_2_sw", "y": 270 }
        },
        {
            "when": {  "north": "side|up", "south": "side|up", "east": "side|up", "west": "none" },
            "apply": { "model": "block/redstone_dust_line_3" }
        },
        {
            "when": {  "north": "side|up", "south": "none", "east": "side|up", "west": "side|up" },
            "apply": { "model": "block/redstone_dust_line_3", "y": 270 }
        },
        {
            "when": {  "north": "side|up", "south": "side|up", "east": "none", "west": "side|up" },
            "apply": { "model": "block/redstone_dust_line_3_alt" }
        },
        {
            "when": {  "north": "none", "south": "side|up", "east": "side|up", "west": "side|up" },
            "apply": { "model": "block/redstone_dust_line_3_alt", "y": 270 }
        },
        {   "when": { "north": "up" },
            "apply": { "model": "block/redstone_dust_up" }
        },
        {   "when": { "east": "up" },
            "apply": { "model": "block/redstone_dust_up", "y": 90 }
        },
        {   "when": { "south": "up" },
            "apply": { "model": "block/redstone_dust_up", "y": 180 }
        },
        {   "when": { "west": "up" },
            "apply": { "model": "block/redstone_dust_up", "y": 270 }
        },
        {
            "when": { "power": 0 },
            "apply": { "model": "block/redstone_dust_overlay_0" }
        },
        {
            "when": { "power": 1 },
            "apply": { "model": "block/redstone_dust_overlay_1" }
        },
        {
            "when": { "power": 2 },
            "apply": { "model": "block/redstone_dust_overlay_2" }
        },
        {
            "when": { "power": 3 },
            "apply": { "model": "block/redstone_dust_overlay_3" }
        },
        {
            "when": { "power": 4 },
            "apply": { "model": "block/redstone_dust_overlay_4" }
        },
        {
            "when": { "power": 5 },
            "apply": { "model": "block/redstone_dust_overlay_5" }
        },
        {
            "when": { "power": 6 },
            "apply": { "model": "block/redstone_dust_overlay_6" }
        },
        {
            "when": { "power": 7 },
            "apply": { "model": "block/redstone_dust_overlay_7" }
        },
        {
            "when": { "power": 8 },
            "apply": { "model": "block/redstone_dust_overlay_8" }
        },
        {
            "when": { "power": 9 },
            "apply": { "model": "block/redstone_dust_overlay_9" }
        },
        {
            "when": { "power": 10 },
            "apply": { "model": "block/redstone_dust_overlay_10" }
        },
        {
            "when": { "power": 11 },
            "apply": { "model": "block/redstone_dust_overlay_11" }
        },
        {
            "when": { "power": 12 },
            "apply": { "model": "block/redstone_dust_overlay_12" }
        },
        {
            "when": { "power": 13 },
            "apply": { "model": "block/redstone_dust_overlay_13" }
        },
        {
            "when": { "power": 14 },
            "apply": { "model": "block/redstone_dust_overlay_14" }
        },
        {
            "when": { "power": 15 },
            "apply": { "model": "block/redstone_dust_overlay_15" }
        }
    ]
}
