{
	"credit": "Made with Blockbench",
	"textures": {
		"0": "block/cake_body",
		"1": "block/cake_end",
		"particle": "block/cake_body"
	},
	"elements": [
		{
			"from": [11, 0, 6],
			"to": [15, 6, 10],
			"faces": {
				"north": {"uv": [0, 0, 4, 6], "texture": "#0"},
				"east": {"uv": [6, 5, 10, 11], "texture": "#1"},
				"south": {"uv": [10, 0, 14, 6], "texture": "#0"},
				"west": {"uv": [6, 5, 10, 11], "texture": "#1"},
				"up": {"uv": [10, 0, 14, 4], "texture": "#0"},
				"down": {"uv": [10, 0, 14, 4], "texture": "#0"}
			}
		},
		{
			"from": [11, 1, 5],
			"to": [15, 5, 6],
			"faces": {
				"north": {"uv": [0, 0, 4, 4], "texture": "#0"},
				"east": {"uv": [10, 6, 11, 10], "texture": "#1"},
				"south": {"uv": [0, 0, 14, 4], "texture": "#0"},
				"west": {"uv": [5, 6, 6, 10], "texture": "#1"},
				"up": {"uv": [10, 0, 14, 1], "texture": "#0"},
				"down": {"uv": [10, 0, 14, 1], "texture": "#0"}
			}
		},
		{
			"from": [11, 1, 10],
			"to": [15, 5, 11],
			"faces": {
				"north": {"uv": [0, 0, 14, 4], "texture": "#0"},
				"east": {"uv": [5, 6, 6, 10], "texture": "#1"},
				"south": {"uv": [10, 0, 14, 4], "texture": "#0"},
				"west": {"uv": [10, 6, 11, 10], "texture": "#1"},
				"up": {"uv": [10, 0, 14, 1], "texture": "#0"},
				"down": {"uv": [10, 0, 14, 1], "texture": "#0"}
			}
		}
	]
}