{
	"credit": "Made with Blockbench",
	"textures": {
		"0": "block/cake_body",
		"1": "block/cake_end",
		"2": "block/cake_holly",
		"particle": "block/cake_body"
	},
	"elements": [
		{
			"from": [7, 0, 6],
			"to": [15, 6, 10],
			"faces": {
				"north": {"uv": [0, 0, 8, 6], "texture": "#0"},
				"east": {"uv": [6, 5, 10, 11], "texture": "#1"},
				"south": {"uv": [6, 0, 14, 6], "texture": "#0"},
				"west": {"uv": [6, 5, 10, 11], "texture": "#1"},
				"up": {"uv": [6, 0, 14, 4], "texture": "#0"},
				"down": {"uv": [6, 0, 14, 4], "texture": "#0"}
			}
		},
		{
			"from": [7, 1, 5],
			"to": [15, 5, 6],
			"faces": {
				"north": {"uv": [0, 0, 8, 4], "texture": "#0"},
				"east": {"uv": [10, 6, 11, 10], "texture": "#1"},
				"south": {"uv": [0, 0, 14, 4], "texture": "#0"},
				"west": {"uv": [5, 6, 6, 10], "texture": "#1"},
				"up": {"uv": [6, 0, 14, 1], "texture": "#0"},
				"down": {"uv": [6, 0, 14, 1], "texture": "#0"}
			}
		},
		{
			"from": [7, 1, 10],
			"to": [15, 5, 11],
			"faces": {
				"north": {"uv": [0, 0, 14, 4], "texture": "#0"},
				"east": {"uv": [5, 6, 6, 10], "texture": "#1"},
				"south": {"uv": [6, 0, 14, 4], "texture": "#0"},
				"west": {"uv": [10, 6, 11, 10], "texture": "#1"},
				"up": {"uv": [6, 0, 14, 1], "texture": "#0"},
				"down": {"uv": [6, 0, 14, 1], "texture": "#0"}
			}
		},
		{
			"from": [9, 6, 5],
			"to": [10, 6, 6],
			"rotation": {"angle": -22.5, "axis": "x", "origin": [8, 6, 6]},
			"faces": {
				"north": {"uv": [0, 0, 4, 0], "texture": "#2"},
				"east": {"uv": [0, 0, 5, 0], "texture": "#2"},
				"south": {"uv": [0, 0, 4, 0], "texture": "#2"},
				"west": {"uv": [0, 0, 5, 0], "texture": "#2"},
				"up": {"uv": [6, 9, 7, 10], "texture": "#2"}
			}
		},
		{
			"from": [8, 6, 6],
			"to": [9, 6, 7],
			"rotation": {"angle": -22.5, "axis": "x", "origin": [8, 6, 6]},
			"faces": {
				"north": {"uv": [0, 0, 4, 0], "texture": "#2"},
				"east": {"uv": [0, 0, 5, 0], "texture": "#2"},
				"south": {"uv": [0, 0, 4, 0], "texture": "#2"},
				"west": {"uv": [0, 0, 5, 0], "texture": "#2"},
				"up": {"uv": [7, 8, 8, 9], "texture": "#2"}
			}
		},
		{
			"from": [9, 6, 7],
			"to": [10, 6, 8],
			"rotation": {"angle": -22.5, "axis": "x", "origin": [8, 6, 6]},
			"faces": {
				"north": {"uv": [0, 0, 4, 0], "texture": "#2"},
				"east": {"uv": [0, 0, 5, 0], "texture": "#2"},
				"south": {"uv": [0, 0, 4, 0], "texture": "#2"},
				"west": {"uv": [0, 0, 5, 0], "texture": "#2"},
				"up": {"uv": [6, 7, 7, 8], "texture": "#2"}
			}
		},
		{
			"from": [7, 6, 5],
			"to": [8, 6, 6],
			"rotation": {"angle": -22.5, "axis": "x", "origin": [8, 6, 6]},
			"faces": {
				"north": {"uv": [0, 0, 4, 0], "texture": "#2"},
				"east": {"uv": [0, 0, 5, 0], "texture": "#2"},
				"south": {"uv": [0, 0, 4, 0], "texture": "#2"},
				"west": {"uv": [0, 0, 5, 0], "texture": "#2"},
				"up": {"uv": [8, 9, 9, 10], "texture": "#2"}
			}
		},
		{
			"from": [7, 6, 7],
			"to": [8, 6, 8],
			"rotation": {"angle": -22.5, "axis": "x", "origin": [8, 6, 6]},
			"faces": {
				"north": {"uv": [0, 0, 4, 0], "texture": "#2"},
				"east": {"uv": [0, 0, 5, 0], "texture": "#2"},
				"south": {"uv": [0, 0, 4, 0], "texture": "#2"},
				"west": {"uv": [0, 0, 5, 0], "texture": "#2"},
				"up": {"uv": [8, 7, 9, 8], "texture": "#2"}
			}
		},
		{
			"from": [8, 6, 9],
			"to": [9, 6, 10],
			"rotation": {"angle": -22.5, "axis": "x", "origin": [8, 6, 6]},
			"faces": {
				"north": {"uv": [0, 0, 4, 0], "texture": "#2"},
				"east": {"uv": [0, 0, 5, 0], "texture": "#2"},
				"south": {"uv": [0, 0, 4, 0], "texture": "#2"},
				"west": {"uv": [0, 0, 5, 0], "texture": "#2"},
				"up": {"uv": [7, 5, 8, 6], "texture": "#2"}
			}
		},
		{
			"from": [7, 6, 8],
			"to": [9, 6, 9],
			"rotation": {"angle": -22.5, "axis": "x", "origin": [8, 6, 6]},
			"faces": {
				"north": {"uv": [0, 0, 4, 0], "texture": "#2"},
				"east": {"uv": [0, 0, 5, 0], "texture": "#2"},
				"south": {"uv": [0, 0, 4, 0], "texture": "#2"},
				"west": {"uv": [0, 0, 5, 0], "texture": "#2"},
				"up": {"uv": [7, 6, 9, 7], "rotation": 180, "texture": "#2"}
			}
		},
		{
			"from": [7, 6, 9],
			"to": [8, 6, 10],
			"rotation": {"angle": 22.5, "axis": "x", "origin": [8, 6, 10]},
			"faces": {
				"north": {"uv": [0, 0, 4, 0], "texture": "#2"},
				"east": {"uv": [0, 0, 5, 0], "texture": "#2"},
				"south": {"uv": [0, 0, 4, 0], "texture": "#2"},
				"west": {"uv": [0, 0, 5, 0], "texture": "#2"},
				"up": {"uv": [7, 8, 8, 9], "rotation": 180, "texture": "#2"}
			}
		},
		{
			"from": [8, 6, 10],
			"to": [9, 6, 11],
			"rotation": {"angle": 22.5, "axis": "x", "origin": [8, 6, 10]},
			"faces": {
				"north": {"uv": [0, 0, 4, 0], "texture": "#2"},
				"east": {"uv": [0, 0, 5, 0], "texture": "#2"},
				"south": {"uv": [0, 0, 4, 0], "texture": "#2"},
				"west": {"uv": [0, 0, 5, 0], "texture": "#2"},
				"up": {"uv": [8, 9, 9, 10], "rotation": 180, "texture": "#2"}
			}
		},
		{
			"from": [9, 6, 9],
			"to": [10, 6, 10],
			"rotation": {"angle": 22.5, "axis": "x", "origin": [8, 6, 10]},
			"faces": {
				"north": {"uv": [0, 0, 4, 0], "texture": "#2"},
				"east": {"uv": [0, 0, 5, 0], "texture": "#2"},
				"south": {"uv": [0, 0, 4, 0], "texture": "#2"},
				"west": {"uv": [0, 0, 5, 0], "texture": "#2"},
				"up": {"uv": [9, 8, 10, 9], "rotation": 180, "texture": "#2"}
			}
		},
		{
			"from": [8, 6, 8],
			"to": [9, 6, 9],
			"rotation": {"angle": 22.5, "axis": "x", "origin": [8, 6, 10]},
			"faces": {
				"north": {"uv": [0, 0, 4, 0], "texture": "#2"},
				"east": {"uv": [0, 0, 5, 0], "texture": "#2"},
				"south": {"uv": [0, 0, 4, 0], "texture": "#2"},
				"west": {"uv": [0, 0, 5, 0], "texture": "#2"},
				"up": {"uv": [8, 7, 9, 8], "rotation": 180, "texture": "#2"}
			}
		},
		{
			"from": [7, 6, 6],
			"to": [8, 6, 7],
			"rotation": {"angle": 22.5, "axis": "x", "origin": [8, 6, 10]},
			"faces": {
				"north": {"uv": [0, 0, 4, 0], "texture": "#2"},
				"east": {"uv": [0, 0, 5, 0], "texture": "#2"},
				"south": {"uv": [0, 0, 4, 0], "texture": "#2"},
				"west": {"uv": [0, 0, 5, 0], "texture": "#2"},
				"up": {"uv": [7, 5, 8, 6], "rotation": 180, "texture": "#2"}
			}
		},
		{
			"from": [9, 6, 6],
			"to": [10, 6, 7],
			"rotation": {"angle": 22.5, "axis": "x", "origin": [8, 6, 10]},
			"faces": {
				"north": {"uv": [0, 0, 4, 0], "texture": "#2"},
				"east": {"uv": [0, 0, 5, 0], "texture": "#2"},
				"south": {"uv": [0, 0, 4, 0], "texture": "#2"},
				"west": {"uv": [0, 0, 5, 0], "texture": "#2"},
				"up": {"uv": [9, 5, 10, 6], "rotation": 180, "texture": "#2"}
			}
		},
		{
			"from": [7, 6, 7],
			"to": [9, 6, 8],
			"rotation": {"angle": 22.5, "axis": "x", "origin": [8, 6, 10]},
			"faces": {
				"north": {"uv": [0, 0, 4, 0], "texture": "#2"},
				"east": {"uv": [0, 0, 5, 0], "texture": "#2"},
				"south": {"uv": [0, 0, 4, 0], "texture": "#2"},
				"west": {"uv": [0, 0, 5, 0], "texture": "#2"},
				"up": {"uv": [7, 6, 9, 7], "texture": "#2"}
			}
		}
	],
	"groups": [0, 1, 2,
		{
			"name": "group",
			"origin": [8, 6, 6],
			"children": [3, 4, 5, 6, 7, 8, 9]
		},
		{
			"name": "group",
			"origin": [8, 6, 6],
			"children": [10, 11, 12, 13, 14, 15, 16]
		}
	]
}