{
	"credit": "Made with Blockbench",
	"textures": {
		"0": "block/redstone_dust_overlay_15",
		"particle": "block/redstone_dust_overlay_15"
	},
	"elements": [
		{
			"from": [0, 0.35, 0],
			"to": [16, 0.35, 16],
			"faces": {
				"north": {"uv": [0, 0, 16, 0], "texture": "#missing"},
				"east": {"uv": [0, 0, 16, 0], "texture": "#missing"},
				"south": {"uv": [0, 0, 16, 0], "texture": "#missing"},
				"west": {"uv": [0, 0, 16, 0], "texture": "#missing"},
				"up": {"uv": [0, 0, 16, 16], "texture": "#0"}
			}
		}
	]
}