{
	"credit": "Made with Blockbench",
	"textures": {
		"particle": "#texture"
	},
	"elements": [
		{
			"name": "Center post",
			"from": [6, 0, 7],
			"to": [7, 12, 9],
			"rotation": {"angle": -45, "axis": "y", "origin": [8, 8, 8]},
			"faces": {
				"north": {"uv": [0, 4, 1, 16], "texture": "#texture"},
				"south": {"uv": [0, 1, 1, 13], "texture": "#texture"},
				"west": {"uv": [0, 3, 2, 15], "texture": "#texture"},
				"up": {"uv": [0, 0, 1, 2], "texture": "#texture"},
				"down": {"uv": [0, 0, 1, 2], "texture": "#texture"}
			}
		},
		{
			"name": "Center post",
			"from": [9, 0, 7],
			"to": [10, 12, 9],
			"rotation": {"angle": -45, "axis": "y", "origin": [8, 8, 8]},
			"faces": {
				"north": {"uv": [1, 0, 2, 12], "texture": "#texture"},
				"east": {"uv": [0, 1, 2, 13], "texture": "#texture"},
				"south": {"uv": [0, 2, 1, 14], "texture": "#texture"},
				"up": {"uv": [0, 0, 1, 2], "texture": "#texture"},
				"down": {"uv": [0, 0, 1, 2], "texture": "#texture"}
			}
		},
		{
			"name": "Center post",
			"from": [7, 0, 8],
			"to": [9, 13, 10],
			"rotation": {"angle": -45, "axis": "y", "origin": [8, 8, 8]},
			"faces": {
				"east": {"uv": [0, 2, 2, 15], "texture": "#texture"},
				"south": {"uv": [2, 0, 4, 13], "texture": "#texture"},
				"west": {"uv": [0, 0, 2, 13], "texture": "#texture"},
				"up": {"uv": [14, 14, 16, 16], "texture": "#texture"},
				"down": {"uv": [0, 0, 2, 2], "texture": "#texture"}
			}
		},
		{
			"name": "Center post",
			"from": [7, 0, 6],
			"to": [9, 13, 8],
			"rotation": {"angle": -45, "axis": "y", "origin": [8, 8, 8]},
			"faces": {
				"north": {"uv": [0, 2, 2, 15], "texture": "#texture"},
				"east": {"uv": [2, 0, 4, 13], "texture": "#texture"},
				"south": {"uv": [0, 0, 2, 15], "texture": "#texture"},
				"west": {"uv": [1, 0, 3, 13], "texture": "#texture"},
				"down": {"uv": [0, 0, 2, 2], "texture": "#texture"}
			}
		},
		{
			"name": "Center post",
			"from": [6, 13, 2],
			"to": [7, 15, 6],
			"rotation": {"angle": -45, "axis": "y", "origin": [8, 8, 8]},
			"faces": {
				"north": {"uv": [0, 0, 1, 2], "texture": "#texture"},
				"south": {"uv": [0, 0, 1, 2], "texture": "#texture"},
				"west": {"uv": [8, 0, 12, 2], "texture": "#texture"},
				"up": {"uv": [14, 8, 15, 12], "texture": "#texture"},
				"down": {"uv": [15, 0, 16, 4], "texture": "#texture"}
			}
		},
		{
			"name": "Center post",
			"from": [9, 13, 2],
			"to": [10, 15, 6],
			"rotation": {"angle": -45, "axis": "y", "origin": [8, 8, 8]},
			"faces": {
				"north": {"uv": [0, 0, 1, 2], "texture": "#texture"},
				"east": {"uv": [3, 6, 7, 8], "texture": "#texture"},
				"south": {"uv": [0, 0, 1, 2], "texture": "#texture"},
				"up": {"uv": [15, 11, 16, 15], "texture": "#texture"},
				"down": {"uv": [7, 7, 8, 11], "texture": "#texture"}
			}
		},
		{
			"name": "Center post",
			"from": [9, 12, 6],
			"to": [10, 14, 7],
			"rotation": {"angle": -45, "axis": "y", "origin": [8, 8, 8]},
			"faces": {
				"north": {"uv": [0, 0, 1, 2], "texture": "#texture"},
				"east": {"uv": [0, 0, 1, 2], "texture": "#texture"},
				"south": {"uv": [0, 0, 1, 2], "texture": "#texture"},
				"up": {"uv": [0, 0, 1, 1], "texture": "#texture"},
				"down": {"uv": [0, 0, 1, 1], "texture": "#texture"}
			}
		},
		{
			"name": "Center post",
			"from": [6, 12, 6],
			"to": [7, 14, 7],
			"rotation": {"angle": -45, "axis": "y", "origin": [8, 8, 8]},
			"faces": {
				"north": {"uv": [0, 0, 1, 2], "texture": "#texture"},
				"south": {"uv": [0, 0, 1, 2], "texture": "#texture"},
				"west": {"uv": [3, 0, 4, 2], "texture": "#texture"},
				"up": {"uv": [0, 0, 1, 1], "texture": "#texture"},
				"down": {"uv": [0, 0, 1, 1], "texture": "#texture"}
			}
		},
		{
			"name": "Center post",
			"from": [9, 12, 1],
			"to": [10, 14, 2],
			"rotation": {"angle": -45, "axis": "y", "origin": [8, 8, 8]},
			"faces": {
				"north": {"uv": [0, 0, 1, 2], "texture": "#texture"},
				"east": {"uv": [0, 1, 1, 3], "texture": "#texture"},
				"south": {"uv": [0, 1, 1, 3], "texture": "#texture"},
				"up": {"uv": [0, 0, 1, 1], "texture": "#texture"},
				"down": {"uv": [0, 2, 1, 3], "texture": "#texture"}
			}
		},
		{
			"name": "Center post",
			"from": [6, 12, 1],
			"to": [7, 14, 2],
			"rotation": {"angle": -45, "axis": "y", "origin": [8, 8, 8]},
			"faces": {
				"north": {"uv": [0, 2, 1, 4], "texture": "#texture"},
				"south": {"uv": [0, 0, 1, 2], "texture": "#texture"},
				"west": {"uv": [0, 2, 1, 4], "texture": "#texture"},
				"up": {"uv": [0, 2, 1, 3], "texture": "#texture"},
				"down": {"uv": [0, 0, 1, 1], "texture": "#texture"}
			}
		},
		{
			"name": "Center post",
			"from": [9, 12, 7],
			"to": [10, 13, 8],
			"rotation": {"angle": -45, "axis": "y", "origin": [8, 8, 8]},
			"faces": {
				"east": {"uv": [0, 0, 1, 1], "texture": "#texture"},
				"south": {"uv": [0, 0, 1, 1], "texture": "#texture"},
				"up": {"uv": [0, 0, 1, 1], "texture": "#texture"}
			}
		},
		{
			"name": "Center post",
			"from": [6, 12, 7],
			"to": [7, 13, 8],
			"rotation": {"angle": -45, "axis": "y", "origin": [8, 8, 8]},
			"faces": {
				"south": {"uv": [0, 0, 1, 1], "texture": "#texture"},
				"west": {"uv": [2, 0, 3, 1], "texture": "#texture"},
				"up": {"uv": [0, 0, 1, 1], "texture": "#texture"}
			}
		},
		{
			"name": "Center post",
			"from": [9, 12, 0],
			"to": [10, 13, 1],
			"rotation": {"angle": -45, "axis": "y", "origin": [8, 8, 8]},
			"faces": {
				"north": {"uv": [0, 0, 1, 1], "texture": "#texture"},
				"east": {"uv": [0, 0, 1, 1], "texture": "#texture"},
				"west": {"uv": [4, 0, 6, 16], "texture": "#texture"},
				"up": {"uv": [0, 0, 1, 1], "texture": "#texture"}
			}
		},
		{
			"name": "Center post",
			"from": [6, 12, 0],
			"to": [7, 13, 1],
			"rotation": {"angle": -45, "axis": "y", "origin": [8, 8, 8]},
			"faces": {
				"north": {"uv": [0, 0, 1, 1], "texture": "#texture"},
				"west": {"uv": [0, 0, 1, 1], "texture": "#texture"},
				"up": {"uv": [0, 0, 1, 1], "texture": "#texture"}
			}
		},
		{
			"name": "Center post",
			"from": [7, 13, 8],
			"to": [9, 14, 9],
			"rotation": {"angle": -45, "axis": "y", "origin": [8, 8, 8]},
			"faces": {
				"east": {"uv": [0, 0, 1, 1], "texture": "#texture"},
				"south": {"uv": [14, 15, 16, 16], "texture": "#texture"},
				"west": {"uv": [2, 0, 3, 1], "texture": "#texture"},
				"up": {"uv": [14, 15, 16, 16], "texture": "#texture"}
			}
		},
		{
			"name": "Center post",
			"from": [7, 13, 6],
			"to": [9, 15, 8],
			"rotation": {"angle": -45, "axis": "y", "origin": [8, 8, 8]},
			"faces": {
				"east": {"uv": [0, 0, 2, 2], "texture": "#texture"},
				"south": {"uv": [0, 0, 2, 2], "texture": "#texture"},
				"west": {"uv": [9, 5, 11, 7], "texture": "#texture"},
				"up": {"uv": [0, 0, 2, 2], "texture": "#texture"}
			}
		},
		{
			"name": "Center post",
			"from": [7, 13, -1],
			"to": [9, 14, 0],
			"rotation": {"angle": -45, "axis": "y", "origin": [8, 8, 8]},
			"faces": {
				"north": {"uv": [0, 2, 2, 3], "texture": "#texture"},
				"east": {"uv": [0, 0, 1, 1], "texture": "#texture"},
				"west": {"uv": [0, 0, 1, 1], "texture": "#texture"},
				"up": {"uv": [0, 2, 2, 3], "rotation": 180, "texture": "#texture"}
			}
		},
		{
			"name": "Center post",
			"from": [7, 11, 5],
			"to": [9, 12, 6],
			"rotation": {"angle": -45, "axis": "y", "origin": [8, 8, 8]},
			"faces": {
				"north": {"uv": [0, 0, 2, 1], "texture": "#texture"},
				"east": {"uv": [0, 0, 1, 1], "texture": "#texture"},
				"west": {"uv": [0, 0, 1, 1], "texture": "#texture"},
				"down": {"uv": [0, 0, 2, 1], "texture": "#texture"}
			}
		},
		{
			"name": "Center post",
			"from": [7, 11, 2],
			"to": [9, 12, 3],
			"rotation": {"angle": -45, "axis": "y", "origin": [8, 8, 8]},
			"faces": {
				"east": {"uv": [0, 2, 1, 3], "texture": "#texture"},
				"south": {"uv": [0, 0, 2, 1], "texture": "#texture"},
				"west": {"uv": [0, 0, 1, 1], "texture": "#texture"},
				"down": {"uv": [0, 0, 2, 1], "texture": "#texture"}
			}
		},
		{
			"name": "Center post",
			"from": [6, 9, -1],
			"to": [7, 12, 1],
			"rotation": {"angle": -45, "axis": "y", "origin": [8, 8, 8]},
			"faces": {
				"north": {"uv": [0, 2, 1, 5], "texture": "#texture"},
				"south": {"uv": [1, 0, 2, 3], "texture": "#texture"},
				"west": {"uv": [0, 1, 2, 4], "texture": "#texture"},
				"up": {"uv": [0, 0, 1, 2], "texture": "#texture"},
				"down": {"uv": [0, 2, 1, 4], "texture": "#texture"}
			}
		},
		{
			"name": "Center post",
			"from": [9, 9, -1],
			"to": [10, 12, 1],
			"rotation": {"angle": -45, "axis": "y", "origin": [8, 8, 8]},
			"faces": {
				"north": {"uv": [0, 1, 1, 4], "texture": "#texture"},
				"east": {"uv": [0, 2, 2, 5], "texture": "#texture"},
				"south": {"uv": [0, 3, 1, 6], "texture": "#texture"},
				"up": {"uv": [0, 0, 1, 2], "texture": "#texture"},
				"down": {"uv": [0, 0, 1, 2], "texture": "#texture"}
			}
		},
		{
			"name": "Center post",
			"from": [7, 9, -2],
			"to": [9, 13, 2],
			"rotation": {"angle": -45, "axis": "y", "origin": [8, 8, 8]},
			"faces": {
				"north": {"uv": [0, 4, 2, 8], "texture": "#texture"},
				"east": {"uv": [0, 2, 4, 6], "texture": "#texture"},
				"south": {"uv": [2, 0, 4, 4], "texture": "#texture"},
				"west": {"uv": [0, 2, 4, 6], "texture": "#texture"},
				"up": {"uv": [0, 5, 2, 9], "texture": "#texture"},
				"down": {"uv": [0, 0, 2, 4], "texture": "#texture"}
			}
		},
		{
			"name": "Center post",
			"from": [7, 8, -1],
			"to": [9, 9, 1],
			"rotation": {"angle": -45, "axis": "y", "origin": [8, 8, 8]},
			"faces": {
				"north": {"uv": [0, 0, 2, 1], "texture": "#texture"},
				"east": {"uv": [0, 0, 2, 1], "texture": "#texture"},
				"south": {"uv": [0, 0, 2, 1], "texture": "#texture"},
				"west": {"uv": [1, 0, 3, 1], "texture": "#texture"},
				"down": {"uv": [2, 0, 4, 2], "texture": "#texture"}
			}
		},
		{
			"name": "Center post",
			"from": [7, 13, 0],
			"to": [9, 15, 2],
			"rotation": {"angle": -45, "axis": "y", "origin": [8, 8, 8]},
			"faces": {
				"north": {"uv": [0, 3, 2, 5], "texture": "#texture"},
				"east": {"uv": [0, 0, 2, 2], "texture": "#texture"},
				"west": {"uv": [0, 2, 2, 4], "texture": "#texture"},
				"up": {"uv": [0, 0, 2, 2], "texture": "#texture"}
			}
		},
		{
			"name": "Center post",
			"from": [7, 12, 2],
			"to": [9, 16, 6],
			"rotation": {"angle": -45, "axis": "y", "origin": [8, 8, 8]},
			"faces": {
				"north": {"uv": [0, 0, 2, 4], "texture": "#texture"},
				"east": {"uv": [2, 5, 6, 9], "texture": "#texture"},
				"south": {"uv": [0, 0, 2, 4], "texture": "#texture"},
				"west": {"uv": [8, 2, 12, 6], "texture": "#texture"},
				"up": {"uv": [9, 11, 11, 15], "texture": "#texture"},
				"down": {"uv": [14, 4, 16, 8], "texture": "#texture"}
			}
		}
	]
}
