{
	"credit": "Made with Blockbench",
	"textures": {
		"texture": "block/icing",
		"particle": "block/icing"
	},
	"elements": [
		{
			"name": "top bar",
			"from": [7.5, 10, 5],
			"to": [8.5, 11, 6],
			"faces": {
				"north": {"uv": [0, 0, 1, 1], "texture": "#texture"},
				"east": {"uv": [0, 0, 1, 1], "texture": "#texture"},
				"south": {"uv": [0, 0, 1, 1], "texture": "#texture"},
				"west": {"uv": [0, 0, 1, 1], "texture": "#texture"},
				"up": {"uv": [0, 0, 1, 1], "texture": "#texture"},
				"down": {"uv": [0, 0, 1, 1], "texture": "#texture"}
			}
		},
		{
			"name": "top bar",
			"from": [7.5, 7, 4],
			"to": [8.5, 10, 5],
			"faces": {
				"north": {"uv": [1, 1, 2, 4], "texture": "#texture"},
				"east": {"uv": [1, 1, 2, 4], "texture": "#texture"},
				"south": {"uv": [1, 1, 2, 4], "texture": "#texture"},
				"west": {"uv": [1, 1, 2, 4], "texture": "#texture"},
				"up": {"uv": [1, 1, 2, 2], "texture": "#texture"},
				"down": {"uv": [1, 3, 2, 4], "texture": "#texture"}
			}
		},
		{
			"name": "top bar",
			"from": [7.5, 8, 2],
			"to": [8.5, 9, 4],
			"faces": {
				"north": {"uv": [3, 2, 4, 3], "texture": "#texture"},
				"east": {"uv": [2, 2, 4, 3], "texture": "#texture"},
				"west": {"uv": [2, 2, 4, 3], "texture": "#texture"},
				"up": {"uv": [2, 2, 4, 3], "texture": "#texture"},
				"down": {"uv": [2, 2, 4, 3], "texture": "#texture"}
			}
		},
		{
			"name": "top bar",
			"from": [7.5, 7, 0],
			"to": [8.5, 8, 2],
			"faces": {
				"north": {"uv": [5, 3, 6, 4], "texture": "#texture"},
				"east": {"uv": [4, 3, 6, 4], "texture": "#texture"},
				"south": {"uv": [4, 3, 5, 4], "texture": "#texture"},
				"west": {"uv": [4, 3, 6, 4], "texture": "#texture"},
				"up": {"uv": [4, 3, 6, 4], "texture": "#texture"},
				"down": {"uv": [4, 3, 6, 4], "texture": "#texture"}
			}
		},
		{
			"name": "top bar",
			"from": [7.5, 4, 1],
			"to": [8.5, 7, 2],
			"faces": {
				"north": {"uv": [4, 4, 5, 7], "texture": "#texture"},
				"east": {"uv": [4, 4, 5, 7], "texture": "#texture"},
				"south": {"uv": [4, 4, 5, 7], "texture": "#texture"},
				"west": {"uv": [4, 4, 5, 7], "texture": "#texture"},
				"down": {"uv": [4, 6, 5, 7], "texture": "#texture"}
			}
		}
	]
}