{
	"credit": "Made with Blockbench",
	"parent": "block/block",
	"textures": {
		"all": "block/orange_bauble",
		"particle": "block/orange_bauble"
	},
	"elements": [
		{
			"from": [7.5, 12.5, 7.5],
			"to": [8.5, 16, 8.5],
			"faces": {
				"north": {"uv": [8, 0, 9, 3.5], "texture": "#all"},
				"east": {"uv": [8, 0, 9, 3.5], "texture": "#all"},
				"south": {"uv": [8, 0, 9, 3.5], "texture": "#all"},
				"west": {"uv": [8, 0, 9, 3.5], "texture": "#all"},
				"up": {"uv": [8, 0, 9, 1], "texture": "#all"}
			}
		},
		{
			"from": [7, 12, 7],
			"to": [9, 12.5, 9],
			"faces": {
				"north": {"uv": [0, 5, 2, 5.5], "texture": "#all"},
				"east": {"uv": [0, 5, 2, 5.5], "texture": "#all"},
				"south": {"uv": [0, 5, 2, 5.5], "texture": "#all"},
				"west": {"uv": [0, 5, 2, 5.5], "texture": "#all"},
				"up": {"uv": [0, 5, 2, 7], "texture": "#all"}
			}
		},
		{
			"from": [6.5, 11, 6.5],
			"to": [9.5, 12, 9.5],
			"faces": {
				"north": {"uv": [5, 0, 8, 1], "rotation": 180, "texture": "#all"},
				"east": {"uv": [5, 0, 8, 1], "texture": "#all"},
				"south": {"uv": [5, 0, 8, 1], "rotation": 180, "texture": "#all"},
				"west": {"uv": [5, 0, 8, 1], "texture": "#all"},
				"up": {"uv": [5, 3, 8, 6], "texture": "#all"}
			}
		},
		{
			"from": [6.5, 5, 6.5],
			"to": [9.5, 6, 9.5],
			"faces": {
				"north": {"uv": [5, 0, 8, 1], "rotation": 180, "texture": "#all"},
				"east": {"uv": [5, 0, 8, 1], "texture": "#all"},
				"south": {"uv": [5, 0, 8, 1], "rotation": 180, "texture": "#all"},
				"west": {"uv": [5, 0, 8, 1], "texture": "#all"},
				"down": {"uv": [5, 3, 8, 6], "rotation": 270, "texture": "#all"}
			}
		},
		{
			"from": [6.5, 7, 10.5],
			"to": [9.5, 10, 11.5],
			"faces": {
				"east": {"uv": [5, 0, 6, 3], "texture": "#all"},
				"south": {"uv": [5, 0, 8, 3], "rotation": 90, "texture": "#all"},
				"west": {"uv": [0, 0, 1, 3], "texture": "#all"},
				"up": {"uv": [5, 0, 8, 1], "rotation": 180, "texture": "#all"},
				"down": {"uv": [0, 0, 3, 1], "texture": "#all"}
			}
		},
		{
			"from": [6.5, 7, 4.5],
			"to": [9.5, 10, 5.5],
			"faces": {
				"north": {"uv": [5, 0, 8, 3], "rotation": 90, "texture": "#all"},
				"east": {"uv": [0, 0, 1, 3], "texture": "#all"},
				"west": {"uv": [5, 0, 6, 3], "texture": "#all"},
				"up": {"uv": [5, 0, 8, 1], "texture": "#all"},
				"down": {"uv": [0, 0, 3, 1], "texture": "#all"}
			}
		},
		{
			"from": [10.5, 7, 6.5],
			"to": [11.5, 10, 9.5],
			"faces": {
				"north": {"uv": [0, 0, 1, 3], "texture": "#all"},
				"east": {"uv": [5, 0, 8, 3], "texture": "#all"},
				"south": {"uv": [5, 0, 6, 3], "texture": "#all"},
				"up": {"uv": [5, 0, 8, 1], "rotation": 270, "texture": "#all"},
				"down": {"uv": [0, 0, 1, 3], "texture": "#all"}
			}
		},
		{
			"from": [4.5, 7, 6.5],
			"to": [5.5, 10, 9.5],
			"faces": {
				"north": {"uv": [5, 0, 6, 3], "texture": "#all"},
				"south": {"uv": [0, 0, 1, 3], "texture": "#all"},
				"west": {"uv": [5, 0, 8, 3], "texture": "#all"},
				"up": {"uv": [5, 0, 6, 3], "texture": "#all"},
				"down": {"uv": [0, 0, 1, 3], "texture": "#all"}
			}
		},
		{
			"from": [5.5, 6, 5.5],
			"to": [10.5, 11, 10.5],
			"faces": {
				"north": {"uv": [0, 0, 5, 5], "texture": "#all"},
				"east": {"uv": [0, 0, 5, 5], "texture": "#all"},
				"south": {"uv": [0, 0, 5, 5], "texture": "#all"},
				"west": {"uv": [0, 0, 5, 5], "texture": "#all"},
				"up": {"uv": [0, 0, 5, 5], "texture": "#all"},
				"down": {"uv": [0, 0, 5, 5], "texture": "#all"}
			}
		}
	]
}