{
	"credit": "Made with Blockbench",
	"parent": "block/tinted_cross",
	"textures": {
		"0": "block/present",
		"particle": "block/present"
	},
	"elements": [
		{
			"from": [4, 0, 3],
			"to": [8, 3, 7],
			"faces": {
				"north": {"uv": [5, 6, 9, 9], "texture": "#0"},
				"east": {"uv": [5, 6, 9, 9], "texture": "#0"},
				"south": {"uv": [5, 6, 9, 9], "texture": "#0"},
				"west": {"uv": [5, 6, 9, 9], "texture": "#0"}
			}
		},
		{
			"from": [5, 0, 8],
			"to": [11, 4, 13],
			"faces": {
				"north": {"uv": [0, 0, 6, 4], "texture": "#0"},
				"east": {"uv": [0, 0, 5, 4], "texture": "#0"},
				"south": {"uv": [0, 0, 6, 4], "texture": "#0"},
				"west": {"uv": [0, 0, 5, 4], "texture": "#0"}
			}
		},
		{
			"from": [4.75, 4, 7.75],
			"to": [11.25, 5.5, 13.25],
			"faces": {
				"north": {"uv": [6, 0, 12.5, 1.5], "texture": "#0"},
				"east": {"uv": [6, 0, 11.5, 1.5], "texture": "#0"},
				"south": {"uv": [6, 0, 12.5, 1.5], "texture": "#0"},
				"west": {"uv": [6, 0, 11.5, 1.5], "texture": "#0"},
				"up": {"uv": [6, 0, 12.5, 5.5], "texture": "#0"},
				"down": {"uv": [6, 0, 12.5, 5.5], "texture": "#0"}
			}
		},
		{
			"from": [3.75, 3, 2.75],
			"to": [8.25, 4.5, 7.25],
			"faces": {
				"north": {"uv": [0, 5, 4.5, 6.5], "texture": "#0"},
				"east": {"uv": [0, 5, 4.5, 6.5], "texture": "#0"},
				"south": {"uv": [0, 5, 4.5, 6.5], "texture": "#0"},
				"west": {"uv": [0, 5, 4.5, 6.5], "texture": "#0"},
				"up": {"uv": [0, 5, 4.5, 9.5], "texture": "#0"},
				"down": {"uv": [0, 5, 4.5, 9.5], "texture": "#0"}
			}
		},
		{
			"from": [8.75, 2, 3.75],
			"to": [12.25, 3, 7.25],
			"faces": {
				"north": {"uv": [9, 6, 12.5, 7.5], "texture": "#0"},
				"east": {"uv": [9, 6, 12.5, 7.5], "texture": "#0"},
				"south": {"uv": [9, 6, 12.5, 7.5], "texture": "#0"},
				"west": {"uv": [9, 6, 12.5, 7.5], "texture": "#0"},
				"up": {"uv": [9, 6, 12.5, 9.5], "texture": "#0"},
				"down": {"uv": [9, 6, 12.5, 9.5], "texture": "#0"}
			}
		},
		{
			"from": [9, 0, 4],
			"to": [12, 2, 7],
			"faces": {
				"north": {"uv": [13, 0, 16, 2], "texture": "#0"},
				"east": {"uv": [13, 0, 16, 2], "texture": "#0"},
				"south": {"uv": [13, 0, 16, 2], "texture": "#0"},
				"west": {"uv": [13, 0, 16, 2], "texture": "#0"}
			}
		},
		{
			"from": [7.5, 4, 13.25],
			"to": [8.5, 5.6, 13.35],
			"faces": {
				"east": {"uv": [13, 3, 13.1, 4.6], "texture": "#0"},
				"south": {"uv": [13, 3, 14, 4.6], "texture": "#0"},
				"west": {"uv": [13, 3, 13.1, 4.6], "texture": "#0"},
				"up": {"uv": [13, 3, 14, 3.1], "texture": "#0"}
			}
		},
		{
			"from": [7.5, 5.5, 7.75],
			"to": [8.5, 5.6, 13.25],
			"faces": {
				"east": {"uv": [13, 3, 13.1, 4.6], "texture": "#0"},
				"west": {"uv": [13, 3, 13.1, 4.6], "texture": "#0"},
				"up": {"uv": [13, 3, 14, 3.1], "texture": "#0"}
			}
		},
		{
			"from": [4.75, 5.5, 10],
			"to": [7.25, 5.6, 11],
			"faces": {
				"north": {"uv": [13, 3, 13.1, 4.6], "texture": "#0"},
				"south": {"uv": [13, 3, 13.1, 4.6], "texture": "#0"},
				"up": {"uv": [13, 3, 14, 3.1], "rotation": 90, "texture": "#0"}
			}
		},
		{
			"from": [8.75, 5.5, 10],
			"to": [11.25, 5.6, 11],
			"faces": {
				"north": {"uv": [13, 3, 13.1, 4.6], "texture": "#0"},
				"south": {"uv": [13, 3, 13.1, 4.6], "texture": "#0"},
				"up": {"uv": [13, 3, 14, 3.1], "rotation": 90, "texture": "#0"}
			}
		},
		{
			"from": [7.5, 5.6, 10],
			"to": [8.5, 5.7, 11],
			"faces": {
				"north": {"uv": [13, 3, 13.1, 4.6], "texture": "#0"},
				"south": {"uv": [13, 3, 13.1, 4.6], "texture": "#0"},
				"west": {"uv": [13, 3, 14, 4.6], "texture": "#0"},
				"up": {"uv": [13, 3, 14, 3.1], "rotation": 90, "texture": "#0"}
			}
		},
		{
			"from": [6.5, 5.6, 10],
			"to": [7.5, 5.7, 11],
			"rotation": {"angle": 22.5, "axis": "z", "origin": [7.5, 5.7, 10.5]},
			"faces": {
				"north": {"uv": [13, 3, 13.1, 4.6], "texture": "#0"},
				"south": {"uv": [13, 3, 13.1, 4.6], "texture": "#0"},
				"west": {"uv": [13, 3, 14, 4.6], "texture": "#0"},
				"up": {"uv": [13, 3, 14, 3.1], "rotation": 90, "texture": "#0"},
				"down": {"uv": [13, 3, 14, 4], "rotation": 270, "texture": "#0"}
			}
		},
		{
			"from": [8.5, 5.6, 10],
			"to": [9.5, 5.7, 11],
			"rotation": {"angle": -22.5, "axis": "z", "origin": [8.5, 5.7, 10.5]},
			"faces": {
				"north": {"uv": [13, 3, 13.1, 4.6], "texture": "#0"},
				"south": {"uv": [13, 3, 13.1, 4.6], "texture": "#0"},
				"west": {"uv": [13, 3, 14, 4.6], "texture": "#0"},
				"up": {"uv": [13, 3, 14, 3.1], "rotation": 90, "texture": "#0"},
				"down": {"uv": [13, 3, 14, 4], "rotation": 270, "texture": "#0"}
			}
		},
		{
			"from": [7.5, 0, 13],
			"to": [8.5, 3.4, 13.1],
			"faces": {
				"east": {"uv": [13, 3, 13.1, 6.4], "texture": "#0"},
				"south": {"uv": [13, 3, 14, 6.4], "texture": "#0"},
				"west": {"uv": [13, 3, 13.1, 6.4], "texture": "#0"}
			}
		},
		{
			"from": [7.5, 4, 7.65],
			"to": [8.5, 5.6, 7.75],
			"faces": {
				"north": {"uv": [13, 3, 14, 4.6], "texture": "#0"},
				"east": {"uv": [13, 3, 13.1, 4.6], "texture": "#0"},
				"west": {"uv": [13, 3, 13.1, 4.6], "texture": "#0"},
				"up": {"uv": [13, 3, 14, 3.1], "rotation": 180, "texture": "#0"}
			}
		},
		{
			"from": [7.5, 0, 7.9],
			"to": [8.5, 3.4, 8],
			"faces": {
				"north": {"uv": [13, 3, 14, 6.4], "texture": "#0"},
				"east": {"uv": [13, 3, 13.1, 6.4], "texture": "#0"},
				"west": {"uv": [13, 3, 13.1, 6.4], "texture": "#0"}
			}
		},
		{
			"from": [11, 0, 10],
			"to": [11.1, 3.4, 11],
			"faces": {
				"north": {"uv": [13, 3, 13.1, 6.4], "texture": "#0"},
				"east": {"uv": [13, 3, 14, 6.4], "texture": "#0"},
				"south": {"uv": [13, 3, 13.1, 6.4], "texture": "#0"}
			}
		},
		{
			"from": [11.25, 4, 10],
			"to": [11.35, 5.6, 11],
			"faces": {
				"north": {"uv": [13, 3, 13.1, 4.6], "texture": "#0"},
				"east": {"uv": [13, 3, 14, 4.6], "texture": "#0"},
				"south": {"uv": [13, 3, 13.1, 4.6], "texture": "#0"},
				"up": {"uv": [13, 3, 14, 3.1], "rotation": 270, "texture": "#0"}
			}
		},
		{
			"from": [4.9, 0, 10],
			"to": [5, 3.4, 11],
			"faces": {
				"north": {"uv": [13, 3, 13.1, 6.4], "texture": "#0"},
				"south": {"uv": [13, 3, 13.1, 6.4], "texture": "#0"},
				"west": {"uv": [13, 3, 14, 6.4], "texture": "#0"}
			}
		},
		{
			"from": [4.65, 4, 10],
			"to": [4.75, 5.6, 11],
			"faces": {
				"north": {"uv": [13, 3, 13.1, 4.6], "texture": "#0"},
				"south": {"uv": [13, 3, 13.1, 4.6], "texture": "#0"},
				"west": {"uv": [13, 3, 14, 4.6], "texture": "#0"},
				"up": {"uv": [13, 3, 14, 3.1], "rotation": 90, "texture": "#0"}
			}
		},
		{
			"from": [5.5, 4.5, 2.75],
			"to": [6.5, 4.6, 7.25],
			"faces": {
				"east": {"uv": [13, 3, 13.1, 4.6], "texture": "#0"},
				"west": {"uv": [13, 3, 13.1, 4.6], "texture": "#0"},
				"up": {"uv": [13, 3, 14, 3.1], "texture": "#0"}
			}
		},
		{
			"from": [6.75, 4.5, 4.5],
			"to": [8.25, 4.6, 5.5],
			"faces": {
				"north": {"uv": [13, 3, 13.1, 4.6], "texture": "#0"},
				"south": {"uv": [13, 3, 13.1, 4.6], "texture": "#0"},
				"up": {"uv": [13, 3, 14, 3.1], "rotation": 90, "texture": "#0"}
			}
		},
		{
			"from": [3.75, 4.5, 4.5],
			"to": [5.25, 4.6, 5.5],
			"faces": {
				"north": {"uv": [13, 3, 13.1, 4.6], "texture": "#0"},
				"south": {"uv": [13, 3, 13.1, 4.6], "texture": "#0"},
				"up": {"uv": [13, 3, 14, 3.1], "rotation": 90, "texture": "#0"}
			}
		},
		{
			"from": [5.5, 4.6, 4.5],
			"to": [6.5, 4.7, 5.5],
			"faces": {
				"north": {"uv": [13, 3, 13.1, 4.6], "texture": "#0"},
				"south": {"uv": [13, 3, 13.1, 4.6], "texture": "#0"},
				"west": {"uv": [13, 3, 14, 4.6], "texture": "#0"},
				"up": {"uv": [13, 3, 14, 3.1], "rotation": 90, "texture": "#0"}
			}
		},
		{
			"from": [6.5, 4.6, 4.5],
			"to": [7.5, 4.7, 5.5],
			"rotation": {"angle": -22.5, "axis": "z", "origin": [6.5, 4.7, 5.5]},
			"faces": {
				"north": {"uv": [13, 3, 13.1, 4.6], "texture": "#0"},
				"south": {"uv": [13, 3, 13.1, 4.6], "texture": "#0"},
				"west": {"uv": [13, 3, 14, 4.6], "texture": "#0"},
				"up": {"uv": [13, 3, 14, 3.1], "rotation": 90, "texture": "#0"},
				"down": {"uv": [13, 3, 14, 4], "rotation": 270, "texture": "#0"}
			}
		},
		{
			"from": [4.5, 4.6, 4.5],
			"to": [5.5, 4.7, 5.5],
			"rotation": {"angle": 22.5, "axis": "z", "origin": [5.5, 4.7, 5.5]},
			"faces": {
				"north": {"uv": [13, 3, 13.1, 4.6], "texture": "#0"},
				"south": {"uv": [13, 3, 13.1, 4.6], "texture": "#0"},
				"west": {"uv": [13, 3, 14, 4.6], "texture": "#0"},
				"up": {"uv": [13, 3, 14, 3.1], "rotation": 90, "texture": "#0"},
				"down": {"uv": [13, 3, 14, 4], "rotation": 270, "texture": "#0"}
			}
		},
		{
			"from": [10, 3, 3.75],
			"to": [11, 3.1, 7.25],
			"faces": {
				"east": {"uv": [13, 3, 13.1, 4.6], "texture": "#0"},
				"west": {"uv": [13, 3, 13.1, 4.6], "texture": "#0"},
				"up": {"uv": [13, 3, 14, 3.1], "texture": "#0"}
			}
		},
		{
			"from": [11.25, 3, 5],
			"to": [12.25, 3.1, 6],
			"faces": {
				"north": {"uv": [13, 3, 13.1, 4.6], "texture": "#0"},
				"south": {"uv": [13, 3, 13.1, 4.6], "texture": "#0"},
				"up": {"uv": [13, 3, 14, 3.1], "rotation": 90, "texture": "#0"}
			}
		},
		{
			"from": [8.75, 3, 5],
			"to": [9.75, 3.1, 6],
			"faces": {
				"north": {"uv": [13, 3, 13.1, 4.6], "texture": "#0"},
				"south": {"uv": [13, 3, 13.1, 4.6], "texture": "#0"},
				"up": {"uv": [13, 3, 14, 3.1], "rotation": 90, "texture": "#0"}
			}
		},
		{
			"from": [10, 3.1, 5],
			"to": [11, 3.2, 6],
			"faces": {
				"north": {"uv": [13, 3, 13.1, 4.6], "texture": "#0"},
				"south": {"uv": [13, 3, 13.1, 4.6], "texture": "#0"},
				"west": {"uv": [13, 3, 14, 4.6], "texture": "#0"},
				"up": {"uv": [13, 3, 14, 3.1], "rotation": 90, "texture": "#0"}
			}
		},
		{
			"from": [11, 3.1, 5],
			"to": [12, 3.2, 6],
			"rotation": {"angle": -22.5, "axis": "z", "origin": [11, 3.2, 5.5]},
			"faces": {
				"north": {"uv": [13, 3, 13.1, 4.6], "texture": "#0"},
				"south": {"uv": [13, 3, 13.1, 4.6], "texture": "#0"},
				"west": {"uv": [13, 3, 14, 4.6], "texture": "#0"},
				"up": {"uv": [13, 3, 14, 3.1], "rotation": 90, "texture": "#0"},
				"down": {"uv": [13, 3, 14, 4], "rotation": 270, "texture": "#0"}
			}
		},
		{
			"from": [9, 3.1, 5],
			"to": [10, 3.2, 6],
			"rotation": {"angle": 22.5, "axis": "z", "origin": [10, 3.2, 5.5]},
			"faces": {
				"north": {"uv": [13, 3, 13.1, 4.6], "texture": "#0"},
				"south": {"uv": [13, 3, 13.1, 4.6], "texture": "#0"},
				"west": {"uv": [13, 3, 14, 4.6], "texture": "#0"},
				"up": {"uv": [13, 3, 14, 3.1], "rotation": 90, "texture": "#0"},
				"down": {"uv": [13, 3, 14, 4], "rotation": 270, "texture": "#0"}
			}
		},
		{
			"from": [8.25, 3, 4.5],
			"to": [8.35, 4.6, 5.5],
			"faces": {
				"north": {"uv": [13, 3, 13.1, 4.6], "texture": "#0"},
				"east": {"uv": [13, 3, 14, 4.6], "texture": "#0"},
				"south": {"uv": [13, 3, 13.1, 4.6], "texture": "#0"},
				"up": {"uv": [13, 3, 14, 3.1], "rotation": 270, "texture": "#0"}
			}
		},
		{
			"from": [5.5, 3, 2.65],
			"to": [6.5, 4.6, 2.75],
			"faces": {
				"north": {"uv": [13, 3, 14, 4.6], "texture": "#0"},
				"east": {"uv": [13, 3, 13.1, 4.6], "texture": "#0"},
				"west": {"uv": [13, 3, 13.1, 4.6], "texture": "#0"},
				"up": {"uv": [13, 3, 14, 3.1], "rotation": 180, "texture": "#0"}
			}
		},
		{
			"from": [3.65, 3, 4.5],
			"to": [3.75, 4.6, 5.5],
			"faces": {
				"north": {"uv": [13, 3, 13.1, 4.6], "texture": "#0"},
				"south": {"uv": [13, 3, 13.1, 4.6], "texture": "#0"},
				"west": {"uv": [13, 3, 14, 4.6], "texture": "#0"},
				"up": {"uv": [13, 3, 14, 3.1], "rotation": 90, "texture": "#0"}
			}
		},
		{
			"from": [5.5, 3, 7.25],
			"to": [6.5, 4.6, 7.35],
			"faces": {
				"east": {"uv": [13, 3, 13.1, 4.6], "texture": "#0"},
				"south": {"uv": [13, 3, 14, 4.6], "texture": "#0"},
				"west": {"uv": [13, 3, 13.1, 4.6], "texture": "#0"},
				"up": {"uv": [13, 3, 14, 3.1], "texture": "#0"}
			}
		},
		{
			"from": [12.25, 2, 5],
			"to": [12.35, 3.1, 6],
			"faces": {
				"north": {"uv": [13, 3, 13.1, 4.6], "texture": "#0"},
				"east": {"uv": [13, 3, 14, 4.6], "texture": "#0"},
				"south": {"uv": [13, 3, 13.1, 4.6], "texture": "#0"},
				"up": {"uv": [13, 3, 14, 3.1], "rotation": 270, "texture": "#0"}
			}
		},
		{
			"from": [10, 2, 3.65],
			"to": [11, 3.1, 3.75],
			"faces": {
				"north": {"uv": [13, 3, 14, 4.6], "texture": "#0"},
				"east": {"uv": [13, 3, 13.1, 4.6], "texture": "#0"},
				"west": {"uv": [13, 3, 13.1, 4.6], "texture": "#0"},
				"up": {"uv": [13, 3, 14, 3.1], "rotation": 180, "texture": "#0"}
			}
		},
		{
			"from": [10, 2, 7.25],
			"to": [11, 3.1, 7.35],
			"faces": {
				"east": {"uv": [13, 3, 13.1, 4.6], "texture": "#0"},
				"south": {"uv": [13, 3, 14, 4.6], "texture": "#0"},
				"west": {"uv": [13, 3, 13.1, 4.6], "texture": "#0"},
				"up": {"uv": [13, 3, 14, 3.1], "texture": "#0"}
			}
		},
		{
			"from": [8.65, 2, 5],
			"to": [8.75, 3.1, 6],
			"faces": {
				"north": {"uv": [13, 3, 13.1, 4.6], "texture": "#0"},
				"south": {"uv": [13, 3, 13.1, 4.6], "texture": "#0"},
				"west": {"uv": [13, 3, 14, 4.6], "texture": "#0"},
				"up": {"uv": [13, 3, 14, 3.1], "rotation": 90, "texture": "#0"}
			}
		},
		{
			"from": [5.5, 0, 7],
			"to": [6.5, 2.4, 7.1],
			"faces": {
				"east": {"uv": [13, 3, 13.1, 6.4], "texture": "#0"},
				"south": {"uv": [13, 3, 14, 6.4], "texture": "#0"},
				"west": {"uv": [13, 3, 13.1, 6.4], "texture": "#0"}
			}
		},
		{
			"from": [10, 0, 7],
			"to": [11, 1.4, 7.1],
			"faces": {
				"east": {"uv": [13, 3, 13.1, 6.4], "texture": "#0"},
				"south": {"uv": [13, 3, 14, 6.4], "texture": "#0"},
				"west": {"uv": [13, 3, 13.1, 6.4], "texture": "#0"}
			}
		},
		{
			"from": [8, 0, 4.5],
			"to": [8.1, 2.4, 5.5],
			"faces": {
				"north": {"uv": [13, 3, 13.1, 6.4], "texture": "#0"},
				"east": {"uv": [13, 3, 14, 6.4], "texture": "#0"},
				"south": {"uv": [13, 3, 13.1, 6.4], "texture": "#0"}
			}
		},
		{
			"from": [12, 0, 5],
			"to": [12.1, 1.4, 6],
			"faces": {
				"north": {"uv": [13, 3, 13.1, 6.4], "texture": "#0"},
				"east": {"uv": [13, 3, 14, 6.4], "texture": "#0"},
				"south": {"uv": [13, 3, 13.1, 6.4], "texture": "#0"}
			}
		},
		{
			"from": [5.5, 0, 2.9],
			"to": [6.5, 2.4, 3],
			"faces": {
				"north": {"uv": [13, 3, 14, 6.4], "texture": "#0"},
				"east": {"uv": [13, 3, 13.1, 6.4], "texture": "#0"},
				"west": {"uv": [13, 3, 13.1, 6.4], "texture": "#0"}
			}
		},
		{
			"from": [10, 0, 3.9],
			"to": [11, 1.4, 4],
			"faces": {
				"north": {"uv": [13, 3, 14, 6.4], "texture": "#0"},
				"east": {"uv": [13, 3, 13.1, 6.4], "texture": "#0"},
				"west": {"uv": [13, 3, 13.1, 6.4], "texture": "#0"}
			}
		},
		{
			"from": [3.9, 0, 4.5],
			"to": [4, 2.4, 5.5],
			"faces": {
				"north": {"uv": [13, 3, 13.1, 6.4], "texture": "#0"},
				"south": {"uv": [13, 3, 13.1, 6.4], "texture": "#0"},
				"west": {"uv": [13, 3, 14, 6.4], "texture": "#0"}
			}
		},
		{
			"from": [8.9, 0, 5],
			"to": [9, 1.4, 6],
			"faces": {
				"north": {"uv": [13, 3, 13.1, 6.4], "texture": "#0"},
				"south": {"uv": [13, 3, 13.1, 6.4], "texture": "#0"},
				"west": {"uv": [13, 3, 14, 6.4], "texture": "#0"}
			}
		},
		{
			"from": [11.25, 3, 10],
			"to": [11.35, 4, 11],
			"rotation": {"angle": -22.5, "axis": "z", "origin": [11.35, 4, 10.5]},
			"faces": {
				"north": {"uv": [13, 3, 13.1, 4], "texture": "#0"},
				"east": {"uv": [13, 3, 14, 4], "texture": "#0"},
				"south": {"uv": [13, 3, 13.1, 4], "texture": "#0"},
				"west": {"uv": [13, 3, 14, 4], "texture": "#0"}
			}
		},
		{
			"from": [7.5, 3, 7.65],
			"to": [8.5, 4, 7.75],
			"rotation": {"angle": -22.5, "axis": "x", "origin": [8, 4, 7.65]},
			"faces": {
				"north": {"uv": [13, 3, 14, 4], "texture": "#0"},
				"east": {"uv": [13, 3, 13.1, 4], "texture": "#0"},
				"south": {"uv": [13, 3, 14, 4], "texture": "#0"},
				"west": {"uv": [13, 3, 13.1, 4], "texture": "#0"}
			}
		},
		{
			"from": [7.5, 4.28199, 12.995],
			"to": [8.5, 5.28199, 13.095],
			"rotation": {"angle": 22.5, "axis": "x", "origin": [8, 4, 10]},
			"faces": {
				"north": {"uv": [13, 3, 14, 4], "texture": "#0"},
				"east": {"uv": [13, 3, 13.1, 4], "texture": "#0"},
				"south": {"uv": [13, 3, 14, 4], "texture": "#0"},
				"west": {"uv": [13, 3, 13.1, 4], "texture": "#0"}
			}
		},
		{
			"from": [4.65, 3, 10],
			"to": [4.75, 4, 11],
			"rotation": {"angle": 22.5, "axis": "z", "origin": [4.65, 4, 10.5]},
			"faces": {
				"north": {"uv": [13, 3, 13.1, 4], "texture": "#0"},
				"east": {"uv": [13, 3, 14, 4], "texture": "#0"},
				"south": {"uv": [13, 3, 13.1, 4], "texture": "#0"},
				"west": {"uv": [13, 3, 14, 4], "texture": "#0"}
			}
		},
		{
			"from": [5.5, 2, 2.65],
			"to": [6.5, 3, 2.75],
			"rotation": {"angle": -22.5, "axis": "x", "origin": [6, 3, 2.65]},
			"faces": {
				"north": {"uv": [13, 3, 14, 4], "texture": "#0"},
				"east": {"uv": [13, 3, 13.1, 4], "texture": "#0"},
				"south": {"uv": [13, 3, 14, 4], "texture": "#0"},
				"west": {"uv": [13, 3, 13.1, 4], "texture": "#0"}
			}
		},
		{
			"from": [8.25, 2, 4.5],
			"to": [8.35, 3, 5.5],
			"rotation": {"angle": -22.5, "axis": "z", "origin": [8.35, 3, 4.5]},
			"faces": {
				"north": {"uv": [13, 3, 13.1, 4], "texture": "#0"},
				"east": {"uv": [13, 3, 14, 4], "texture": "#0"},
				"south": {"uv": [13, 3, 13.1, 4], "texture": "#0"},
				"west": {"uv": [13, 3, 14, 4], "texture": "#0"}
			}
		},
		{
			"from": [5.5, 2, 7.25],
			"to": [6.5, 3, 7.35],
			"rotation": {"angle": 22.5, "axis": "x", "origin": [6.35, 3, 7.35]},
			"faces": {
				"north": {"uv": [13, 3, 14, 4], "texture": "#0"},
				"east": {"uv": [13, 3, 13.1, 4], "texture": "#0"},
				"south": {"uv": [13, 3, 14, 4], "texture": "#0"},
				"west": {"uv": [13, 3, 13.1, 4], "texture": "#0"}
			}
		},
		{
			"from": [3.65, 2, 4.5],
			"to": [3.75, 3, 5.5],
			"rotation": {"angle": 22.5, "axis": "z", "origin": [3.65, 3, 4.5]},
			"faces": {
				"north": {"uv": [13, 3, 13.1, 4], "texture": "#0"},
				"east": {"uv": [13, 3, 14, 4], "texture": "#0"},
				"south": {"uv": [13, 3, 13.1, 4], "texture": "#0"},
				"west": {"uv": [13, 3, 14, 4], "texture": "#0"}
			}
		},
		{
			"from": [10, 1, 3.65],
			"to": [11, 2, 3.75],
			"rotation": {"angle": -22.5, "axis": "x", "origin": [11, 2, 3.65]},
			"faces": {
				"north": {"uv": [13, 3, 14, 4], "texture": "#0"},
				"east": {"uv": [13, 3, 13.1, 4], "texture": "#0"},
				"south": {"uv": [13, 3, 14, 4], "texture": "#0"},
				"west": {"uv": [13, 3, 13.1, 4], "texture": "#0"}
			}
		},
		{
			"from": [12.25, 1, 5],
			"to": [12.35, 2, 6],
			"rotation": {"angle": -22.5, "axis": "z", "origin": [12.35, 2, 5.5]},
			"faces": {
				"north": {"uv": [13, 3, 13.1, 4], "texture": "#0"},
				"east": {"uv": [13, 3, 14, 4], "texture": "#0"},
				"south": {"uv": [13, 3, 13.1, 4], "texture": "#0"},
				"west": {"uv": [13, 3, 14, 4], "texture": "#0"}
			}
		},
		{
			"from": [10, 1, 7.25],
			"to": [11, 2, 7.35],
			"rotation": {"angle": 22.5, "axis": "x", "origin": [10.35, 2, 7.35]},
			"faces": {
				"north": {"uv": [13, 3, 14, 4], "texture": "#0"},
				"east": {"uv": [13, 3, 13.1, 4], "texture": "#0"},
				"south": {"uv": [13, 3, 14, 4], "texture": "#0"},
				"west": {"uv": [13, 3, 13.1, 4], "texture": "#0"}
			}
		},
		{
			"from": [8.65, 1, 5],
			"to": [8.75, 2, 6],
			"rotation": {"angle": 22.5, "axis": "z", "origin": [8.65, 2, 5.5]},
			"faces": {
				"north": {"uv": [13, 3, 13.1, 4], "texture": "#0"},
				"east": {"uv": [13, 3, 14, 4], "texture": "#0"},
				"south": {"uv": [13, 3, 13.1, 4], "texture": "#0"},
				"west": {"uv": [13, 3, 14, 4], "texture": "#0"}
			}
		}
	],
	"display": {}
}