{
	"credit": "Made with Blockbench",
	"ambientocclusion": false,
	"textures": {
		"0": "block/white_concrete",
		"1": "block/oak_log",
		"2": "block/green_concrete",
		"3": "block/yellow_concrete",
		"particle": "block/white_concrete"
	},
	"elements": [
		{
			"from": [7, 0, 0],
			"to": [9, 0.5, 3.5],
			"faces": {
				"north": {"uv": [0, 0, 2, 0.5], "texture": "#1"},
				"east": {"uv": [0, 0, 3.5, 0.5], "texture": "#1"},
				"south": {"uv": [0, 0, 2, 0.5], "texture": "#1"},
				"west": {"uv": [0, 0, 3.5, 0.5], "texture": "#1"},
				"up": {"uv": [0, 0, 2, 3.5], "texture": "#1"}
			}
		},
		{
			"from": [7.5, -0.2, 0],
			"to": [8.5, 10.65, 2],
			"rotation": {"angle": 45, "axis": "x", "origin": [8, -0.25, 1]},
			"faces": {
				"north": {"uv": [0, 0, 1, 10.85], "texture": "#1"},
				"east": {"uv": [0, 0, 2, 10.85], "texture": "#1"},
				"south": {"uv": [0, 0, 1, 10.85], "texture": "#1"},
				"west": {"uv": [0, 0, 2, 10.85], "texture": "#1"},
				"up": {"uv": [0, 0, 1, 2], "texture": "#1"}
			}
		},
		{
			"from": [7.5, -0.2, 14],
			"to": [8.5, 8.65, 16],
			"rotation": {"angle": -45, "axis": "x", "origin": [8, -0.25, 15]},
			"faces": {
				"north": {"uv": [0, 0, 1, 8.85], "texture": "#1"},
				"east": {"uv": [0, 0, 2, 8.85], "texture": "#1"},
				"south": {"uv": [0, 0, 1, 8.85], "texture": "#1"},
				"west": {"uv": [0, 0, 2, 8.85], "texture": "#1"}
			}
		},
		{
			"from": [7, 0, 12.5],
			"to": [9, 0.5, 16],
			"faces": {
				"north": {"uv": [0, 0, 2, 0.5], "texture": "#1"},
				"east": {"uv": [0, 0, 3.5, 0.5], "texture": "#1"},
				"south": {"uv": [0, 0, 2, 0.5], "texture": "#1"},
				"west": {"uv": [0, 0, 3.5, 0.5], "texture": "#1"},
				"up": {"uv": [0, 0, 2, 3.5], "texture": "#1"}
			}
		},
		{
			"from": [7.625, 7.8, 7.625],
			"to": [8.375, 11.8, 8.375],
			"faces": {
				"north": {"uv": [0, 0, 0.75, 4], "texture": "#0"},
				"east": {"uv": [0, 0, 0.75, 4], "texture": "#0"},
				"south": {"uv": [0, 0, 0.75, 4], "texture": "#0"},
				"west": {"uv": [0, 0, 0.75, 4], "texture": "#0"},
				"up": {"uv": [0, 0, 0.75, 0.75], "texture": "#0"},
				"down": {"uv": [0, 0, 0.75, 0.75], "texture": "#0"}
			}
		},
		{
			"from": [7.725, 11.8, 7.725],
			"to": [8.275, 12.8, 8.275],
			"faces": {
				"north": {"uv": [0, 0, 0.55, 1], "texture": "#3"},
				"east": {"uv": [0, 0, 0.55, 1], "texture": "#3"},
				"south": {"uv": [0, 0, 0.55, 1], "texture": "#3"},
				"west": {"uv": [0, 0, 0.55, 1], "texture": "#3"},
				"up": {"uv": [0, 0, 0.55, 0.55], "texture": "#3"}
			}
		},
		{
			"from": [7.725, 9.8, 9.725],
			"to": [8.275, 10.8, 10.275],
			"faces": {
				"north": {"uv": [0, 0, 0.55, 1], "texture": "#3"},
				"east": {"uv": [0, 0, 0.55, 1], "texture": "#3"},
				"south": {"uv": [0, 0, 0.55, 1], "texture": "#3"},
				"west": {"uv": [0, 0, 0.55, 1], "texture": "#3"},
				"up": {"uv": [0, 0, 0.55, 0.55], "texture": "#3"}
			}
		},
		{
			"from": [7.725, 9.8, 5.725],
			"to": [8.275, 10.8, 6.275],
			"faces": {
				"north": {"uv": [0, 0, 0.55, 1], "texture": "#3"},
				"east": {"uv": [0, 0, 0.55, 1], "texture": "#3"},
				"south": {"uv": [0, 0, 0.55, 1], "texture": "#3"},
				"west": {"uv": [0, 0, 0.55, 1], "texture": "#3"},
				"up": {"uv": [0, 0, 0.55, 0.55], "texture": "#3"}
			}
		},
		{
			"from": [7.725, 7.8, 11.725],
			"to": [8.275, 8.8, 12.275],
			"faces": {
				"north": {"uv": [0, 0, 0.55, 1], "texture": "#3"},
				"east": {"uv": [0, 0, 0.55, 1], "texture": "#3"},
				"south": {"uv": [0, 0, 0.55, 1], "texture": "#3"},
				"west": {"uv": [0, 0, 0.55, 1], "texture": "#3"},
				"up": {"uv": [0, 0, 0.55, 0.55], "texture": "#3"}
			}
		},
		{
			"from": [7.725, 7.8, 3.725],
			"to": [8.275, 8.8, 4.275],
			"faces": {
				"north": {"uv": [0, 0, 0.55, 1], "texture": "#3"},
				"east": {"uv": [0, 0, 0.55, 1], "texture": "#3"},
				"south": {"uv": [0, 0, 0.55, 1], "texture": "#3"},
				"west": {"uv": [0, 0, 0.55, 1], "texture": "#3"},
				"up": {"uv": [0, 0, 0.55, 0.55], "texture": "#3"}
			}
		},
		{
			"from": [7.725, 5.8, 13.725],
			"to": [8.275, 6.8, 14.275],
			"faces": {
				"north": {"uv": [0, 0, 0.55, 1], "texture": "#3"},
				"east": {"uv": [0, 0, 0.55, 1], "texture": "#3"},
				"south": {"uv": [0, 0, 0.55, 1], "texture": "#3"},
				"west": {"uv": [0, 0, 0.55, 1], "texture": "#3"},
				"up": {"uv": [0, 0, 0.55, 0.55], "texture": "#3"}
			}
		},
		{
			"from": [7.725, 5.8, 1.725],
			"to": [8.275, 6.8, 2.275],
			"faces": {
				"north": {"uv": [0, 0, 0.55, 1], "texture": "#3"},
				"east": {"uv": [0, 0, 0.55, 1], "texture": "#3"},
				"south": {"uv": [0, 0, 0.55, 1], "texture": "#3"},
				"west": {"uv": [0, 0, 0.55, 1], "texture": "#3"},
				"up": {"uv": [0, 0, 0.55, 0.55], "texture": "#3"}
			}
		},
		{
			"from": [7.625, 5.8, 5.625],
			"to": [8.375, 9.8, 6.375],
			"faces": {
				"north": {"uv": [0, 0, 0.75, 4], "texture": "#0"},
				"east": {"uv": [0, 0, 0.75, 4], "texture": "#0"},
				"south": {"uv": [0, 0, 0.75, 4], "texture": "#0"},
				"west": {"uv": [0, 0, 0.75, 4], "texture": "#0"},
				"up": {"uv": [0, 0, 0.75, 0.75], "texture": "#0"},
				"down": {"uv": [0, 0, 0.75, 0.75], "texture": "#0"}
			}
		},
		{
			"from": [7.625, 5.8, 9.625],
			"to": [8.375, 9.8, 10.375],
			"faces": {
				"north": {"uv": [0, 0, 0.75, 4], "texture": "#0"},
				"east": {"uv": [0, 0, 0.75, 4], "texture": "#0"},
				"south": {"uv": [0, 0, 0.75, 4], "texture": "#0"},
				"west": {"uv": [0, 0, 0.75, 4], "texture": "#0"},
				"up": {"uv": [0, 0, 0.75, 0.75], "texture": "#0"},
				"down": {"uv": [0, 0, 0.75, 0.75], "texture": "#0"}
			}
		},
		{
			"from": [7.625, 3.8, 3.625],
			"to": [8.375, 7.8, 4.375],
			"faces": {
				"north": {"uv": [0, 0, 0.75, 4], "texture": "#0"},
				"east": {"uv": [0, 0, 0.75, 4], "texture": "#0"},
				"south": {"uv": [0, 0, 0.75, 4], "texture": "#0"},
				"west": {"uv": [0, 0, 0.75, 4], "texture": "#0"},
				"up": {"uv": [0, 0, 0.75, 0.75], "texture": "#0"},
				"down": {"uv": [0, 0, 0.75, 0.75], "texture": "#0"}
			}
		},
		{
			"from": [7.625, 3.8, 11.625],
			"to": [8.375, 7.8, 12.375],
			"faces": {
				"north": {"uv": [0, 0, 0.75, 4], "texture": "#0"},
				"east": {"uv": [0, 0, 0.75, 4], "texture": "#0"},
				"south": {"uv": [0, 0, 0.75, 4], "texture": "#0"},
				"west": {"uv": [0, 0, 0.75, 4], "texture": "#0"},
				"up": {"uv": [0, 0, 0.75, 0.75], "texture": "#0"},
				"down": {"uv": [0, 0, 0.75, 0.75], "texture": "#0"}
			}
		},
		{
			"from": [7.625, 1.8, 1.625],
			"to": [8.375, 5.8, 2.375],
			"faces": {
				"north": {"uv": [0, 0, 0.75, 4], "texture": "#0"},
				"east": {"uv": [0, 0, 0.75, 4], "texture": "#0"},
				"south": {"uv": [0, 0, 0.75, 4], "texture": "#0"},
				"west": {"uv": [0, 0, 0.75, 4], "texture": "#0"},
				"up": {"uv": [0, 0, 0.75, 0.75], "texture": "#0"},
				"down": {"uv": [0, 0, 0.75, 0.75], "texture": "#0"}
			}
		},
		{
			"from": [7.625, 1.8, 13.625],
			"to": [8.375, 5.8, 14.375],
			"faces": {
				"north": {"uv": [0, 0, 0.75, 4], "texture": "#0"},
				"east": {"uv": [0, 0, 0.75, 4], "texture": "#0"},
				"south": {"uv": [0, 0, 0.75, 4], "texture": "#0"},
				"west": {"uv": [0, 0, 0.75, 4], "texture": "#0"},
				"up": {"uv": [0, 0, 0.75, 0.75], "texture": "#0"},
				"down": {"uv": [0, 0, 0.75, 0.75], "texture": "#0"}
			}
		},
		{
			"from": [7.625, 7.8, 7.625],
			"to": [7.625, 8.8, 8.375],
			"rotation": {"angle": 22.5, "axis": "z", "origin": [8, 8, 8]},
			"faces": {
				"north": {"uv": [0, 0, 0, 1], "texture": "#2"},
				"east": {"uv": [0, 0, 0.75, 1], "texture": "#2"},
				"south": {"uv": [0, 0, 0, 1], "texture": "#2"},
				"west": {"uv": [0, 0, 0.75, 1], "texture": "#2"},
				"up": {"uv": [0, 0, 0, 0.75], "texture": "#2"},
				"down": {"uv": [0, 0, 0, 0.75], "texture": "#2"}
			}
		},
		{
			"from": [7.625, 5.8, 9.625],
			"to": [7.625, 6.8, 10.375],
			"rotation": {"angle": 22.5, "axis": "z", "origin": [8, 6, 10]},
			"faces": {
				"north": {"uv": [0, 0, 0, 1], "texture": "#2"},
				"east": {"uv": [0, 0, 0.75, 1], "texture": "#2"},
				"south": {"uv": [0, 0, 0, 1], "texture": "#2"},
				"west": {"uv": [0, 0, 0.75, 1], "texture": "#2"},
				"up": {"uv": [0, 0, 0, 0.75], "texture": "#2"},
				"down": {"uv": [0, 0, 0, 0.75], "texture": "#2"}
			}
		},
		{
			"from": [7.625, 3.8, 11.625],
			"to": [7.625, 4.8, 12.375],
			"rotation": {"angle": 22.5, "axis": "z", "origin": [8, 4, 12]},
			"faces": {
				"north": {"uv": [0, 0, 0, 1], "texture": "#2"},
				"east": {"uv": [0, 0, 0.75, 1], "texture": "#2"},
				"south": {"uv": [0, 0, 0, 1], "texture": "#2"},
				"west": {"uv": [0, 0, 0.75, 1], "texture": "#2"},
				"up": {"uv": [0, 0, 0, 0.75], "texture": "#2"},
				"down": {"uv": [0, 0, 0, 0.75], "texture": "#2"}
			}
		},
		{
			"from": [7.625, 1.8, 13.625],
			"to": [7.625, 2.8, 14.375],
			"rotation": {"angle": 22.5, "axis": "z", "origin": [8, 2, 14]},
			"faces": {
				"north": {"uv": [0, 0, 0, 1], "texture": "#2"},
				"east": {"uv": [0, 0, 0.75, 1], "texture": "#2"},
				"south": {"uv": [0, 0, 0, 1], "texture": "#2"},
				"west": {"uv": [0, 0, 0.75, 1], "texture": "#2"},
				"up": {"uv": [0, 0, 0, 0.75], "texture": "#2"},
				"down": {"uv": [0, 0, 0, 0.75], "texture": "#2"}
			}
		},
		{
			"from": [7.625, 5.8, 5.625],
			"to": [7.625, 6.8, 6.375],
			"rotation": {"angle": 22.5, "axis": "z", "origin": [8, 6, 6]},
			"faces": {
				"north": {"uv": [0, 0, 0, 1], "texture": "#2"},
				"east": {"uv": [0, 0, 0.75, 1], "texture": "#2"},
				"south": {"uv": [0, 0, 0, 1], "texture": "#2"},
				"west": {"uv": [0, 0, 0.75, 1], "texture": "#2"},
				"up": {"uv": [0, 0, 0, 0.75], "texture": "#2"},
				"down": {"uv": [0, 0, 0, 0.75], "texture": "#2"}
			}
		},
		{
			"from": [7.625, 3.8, 3.625],
			"to": [7.625, 4.8, 4.375],
			"rotation": {"angle": 22.5, "axis": "z", "origin": [8, 4, 4]},
			"faces": {
				"north": {"uv": [0, 0, 0, 1], "texture": "#2"},
				"east": {"uv": [0, 0, 0.75, 1], "texture": "#2"},
				"south": {"uv": [0, 0, 0, 1], "texture": "#2"},
				"west": {"uv": [0, 0, 0.75, 1], "texture": "#2"},
				"up": {"uv": [0, 0, 0, 0.75], "texture": "#2"},
				"down": {"uv": [0, 0, 0, 0.75], "texture": "#2"}
			}
		},
		{
			"from": [7.625, 1.8, 1.625],
			"to": [7.625, 2.8, 2.375],
			"rotation": {"angle": 22.5, "axis": "z", "origin": [8, 2, 2]},
			"faces": {
				"north": {"uv": [0, 0, 0, 1], "texture": "#2"},
				"east": {"uv": [0, 0, 0.75, 1], "texture": "#2"},
				"south": {"uv": [0, 0, 0, 1], "texture": "#2"},
				"west": {"uv": [0, 0, 0.75, 1], "texture": "#2"},
				"up": {"uv": [0, 0, 0, 0.75], "texture": "#2"},
				"down": {"uv": [0, 0, 0, 0.75], "texture": "#2"}
			}
		},
		{
			"from": [8.375, 7.8, 7.625],
			"to": [8.375, 8.8, 8.375],
			"rotation": {"angle": -22.5, "axis": "z", "origin": [8, 8, 8]},
			"faces": {
				"north": {"uv": [0, 0, 0, 1], "texture": "#2"},
				"east": {"uv": [0, 0, 0.75, 1], "texture": "#2"},
				"south": {"uv": [0, 0, 0, 1], "texture": "#2"},
				"west": {"uv": [0, 0, 0.75, 1], "texture": "#2"},
				"up": {"uv": [0, 0, 0, 0.75], "texture": "#2"},
				"down": {"uv": [0, 0, 0, 0.75], "texture": "#2"}
			}
		},
		{
			"from": [8.375, 5.8, 9.625],
			"to": [8.375, 6.8, 10.375],
			"rotation": {"angle": -22.5, "axis": "z", "origin": [8, 6, 10]},
			"faces": {
				"north": {"uv": [0, 0, 0, 1], "texture": "#2"},
				"east": {"uv": [0, 0, 0.75, 1], "texture": "#2"},
				"south": {"uv": [0, 0, 0, 1], "texture": "#2"},
				"west": {"uv": [0, 0, 0.75, 1], "texture": "#2"},
				"up": {"uv": [0, 0, 0, 0.75], "texture": "#2"},
				"down": {"uv": [0, 0, 0, 0.75], "texture": "#2"}
			}
		},
		{
			"from": [8.375, 3.8, 11.625],
			"to": [8.375, 4.8, 12.375],
			"rotation": {"angle": -22.5, "axis": "z", "origin": [8, 4, 12]},
			"faces": {
				"north": {"uv": [0, 0, 0, 1], "texture": "#2"},
				"east": {"uv": [0, 0, 0.75, 1], "texture": "#2"},
				"south": {"uv": [0, 0, 0, 1], "texture": "#2"},
				"west": {"uv": [0, 0, 0.75, 1], "texture": "#2"},
				"up": {"uv": [0, 0, 0, 0.75], "texture": "#2"},
				"down": {"uv": [0, 0, 0, 0.75], "texture": "#2"}
			}
		},
		{
			"from": [8.375, 1.8, 13.625],
			"to": [8.375, 2.8, 14.375],
			"rotation": {"angle": -22.5, "axis": "z", "origin": [8, 2, 14]},
			"faces": {
				"north": {"uv": [0, 0, 0, 1], "texture": "#2"},
				"east": {"uv": [0, 0, 0.75, 1], "texture": "#2"},
				"south": {"uv": [0, 0, 0, 1], "texture": "#2"},
				"west": {"uv": [0, 0, 0.75, 1], "texture": "#2"},
				"up": {"uv": [0, 0, 0, 0.75], "texture": "#2"},
				"down": {"uv": [0, 0, 0, 0.75], "texture": "#2"}
			}
		},
		{
			"from": [8.375, 5.8, 5.625],
			"to": [8.375, 6.8, 6.375],
			"rotation": {"angle": -22.5, "axis": "z", "origin": [8, 6, 6]},
			"faces": {
				"north": {"uv": [0, 0, 0, 1], "texture": "#2"},
				"east": {"uv": [0, 0, 0.75, 1], "texture": "#2"},
				"south": {"uv": [0, 0, 0, 1], "texture": "#2"},
				"west": {"uv": [0, 0, 0.75, 1], "texture": "#2"},
				"up": {"uv": [0, 0, 0, 0.75], "texture": "#2"},
				"down": {"uv": [0, 0, 0, 0.75], "texture": "#2"}
			}
		},
		{
			"from": [8.375, 3.8, 3.625],
			"to": [8.375, 4.8, 4.375],
			"rotation": {"angle": -22.5, "axis": "z", "origin": [8, 4, 4]},
			"faces": {
				"north": {"uv": [0, 0, 0, 1], "texture": "#2"},
				"east": {"uv": [0, 0, 0.75, 1], "texture": "#2"},
				"south": {"uv": [0, 0, 0, 1], "texture": "#2"},
				"west": {"uv": [0, 0, 0.75, 1], "texture": "#2"},
				"up": {"uv": [0, 0, 0, 0.75], "texture": "#2"},
				"down": {"uv": [0, 0, 0, 0.75], "texture": "#2"}
			}
		},
		{
			"from": [8.375, 1.8, 1.625],
			"to": [8.375, 2.8, 2.375],
			"rotation": {"angle": -22.5, "axis": "z", "origin": [8, 2, 2]},
			"faces": {
				"north": {"uv": [0, 0, 0, 1], "texture": "#2"},
				"east": {"uv": [0, 0, 0.75, 1], "texture": "#2"},
				"south": {"uv": [0, 0, 0, 1], "texture": "#2"},
				"west": {"uv": [0, 0, 0.75, 1], "texture": "#2"},
				"up": {"uv": [0, 0, 0, 0.75], "texture": "#2"},
				"down": {"uv": [0, 0, 0, 0.75], "texture": "#2"}
			}
		},
		{
			"from": [7.625, 7.8, 7.625],
			"to": [8.375, 8.8, 7.625],
			"rotation": {"angle": -22.5, "axis": "x", "origin": [8, 8, 8]},
			"faces": {
				"north": {"uv": [0, 0, 0.75, 1], "texture": "#2"},
				"east": {"uv": [0, 0, 0, 1], "texture": "#2"},
				"south": {"uv": [0, 0, 0.75, 1], "texture": "#2"},
				"west": {"uv": [0, 0, 0, 1], "texture": "#2"},
				"up": {"uv": [0, 0, 0.75, 0], "texture": "#2"},
				"down": {"uv": [0, 0, 0.75, 0], "texture": "#2"}
			}
		},
		{
			"from": [7.625, 5.8, 5.625],
			"to": [8.375, 6.8, 5.625],
			"rotation": {"angle": -22.5, "axis": "x", "origin": [8, 6, 6]},
			"faces": {
				"north": {"uv": [0, 0, 0.75, 1], "texture": "#2"},
				"east": {"uv": [0, 0, 0, 1], "texture": "#2"},
				"south": {"uv": [0, 0, 0.75, 1], "texture": "#2"},
				"west": {"uv": [0, 0, 0, 1], "texture": "#2"},
				"up": {"uv": [0, 0, 0.75, 0], "texture": "#2"},
				"down": {"uv": [0, 0, 0.75, 0], "texture": "#2"}
			}
		},
		{
			"from": [7.625, 3.8, 3.625],
			"to": [8.375, 4.8, 3.625],
			"rotation": {"angle": -22.5, "axis": "x", "origin": [8, 4, 4]},
			"faces": {
				"north": {"uv": [0, 0, 0.75, 1], "texture": "#2"},
				"east": {"uv": [0, 0, 0, 1], "texture": "#2"},
				"south": {"uv": [0, 0, 0.75, 1], "texture": "#2"},
				"west": {"uv": [0, 0, 0, 1], "texture": "#2"},
				"up": {"uv": [0, 0, 0.75, 0], "texture": "#2"},
				"down": {"uv": [0, 0, 0.75, 0], "texture": "#2"}
			}
		},
		{
			"from": [7.625, 1.8, 1.625],
			"to": [8.375, 2.8, 1.625],
			"rotation": {"angle": -22.5, "axis": "x", "origin": [8, 2, 2]},
			"faces": {
				"north": {"uv": [0, 0, 0.75, 1], "texture": "#2"},
				"east": {"uv": [0, 0, 0, 1], "texture": "#2"},
				"south": {"uv": [0, 0, 0.75, 1], "texture": "#2"},
				"west": {"uv": [0, 0, 0, 1], "texture": "#2"},
				"up": {"uv": [0, 0, 0.75, 0], "texture": "#2"},
				"down": {"uv": [0, 0, 0.75, 0], "texture": "#2"}
			}
		},
		{
			"from": [7.625, 7.8, 8.375],
			"to": [8.375, 8.8, 8.375],
			"rotation": {"angle": 22.5, "axis": "x", "origin": [8, 8, 8]},
			"faces": {
				"north": {"uv": [0, 0, 0.75, 1], "texture": "#2"},
				"east": {"uv": [0, 0, 0, 1], "texture": "#2"},
				"south": {"uv": [0, 0, 0.75, 1], "texture": "#2"},
				"west": {"uv": [0, 0, 0, 1], "texture": "#2"},
				"up": {"uv": [0, 0, 0.75, 0], "texture": "#2"},
				"down": {"uv": [0, 0, 0.75, 0], "texture": "#2"}
			}
		},
		{
			"from": [7.625, 5.8, 10.375],
			"to": [8.375, 6.8, 10.375],
			"rotation": {"angle": 22.5, "axis": "x", "origin": [8, 6, 10]},
			"faces": {
				"north": {"uv": [0, 0, 0.75, 1], "texture": "#2"},
				"east": {"uv": [0, 0, 0, 1], "texture": "#2"},
				"south": {"uv": [0, 0, 0.75, 1], "texture": "#2"},
				"west": {"uv": [0, 0, 0, 1], "texture": "#2"},
				"up": {"uv": [0, 0, 0.75, 0], "texture": "#2"},
				"down": {"uv": [0, 0, 0.75, 0], "texture": "#2"}
			}
		},
		{
			"from": [7.625, 3.8, 12.375],
			"to": [8.375, 4.8, 12.375],
			"rotation": {"angle": 22.5, "axis": "x", "origin": [8, 4, 12]},
			"faces": {
				"north": {"uv": [0, 0, 0.75, 1], "texture": "#2"},
				"east": {"uv": [0, 0, 0, 1], "texture": "#2"},
				"south": {"uv": [0, 0, 0.75, 1], "texture": "#2"},
				"west": {"uv": [0, 0, 0, 1], "texture": "#2"},
				"up": {"uv": [0, 0, 0.75, 0], "texture": "#2"},
				"down": {"uv": [0, 0, 0.75, 0], "texture": "#2"}
			}
		},
		{
			"from": [7.625, 1.8, 14.375],
			"to": [8.375, 2.8, 14.375],
			"rotation": {"angle": 22.5, "axis": "x", "origin": [8, 2, 14]},
			"faces": {
				"north": {"uv": [0, 0, 0.75, 1], "texture": "#2"},
				"east": {"uv": [0, 0, 0, 1], "texture": "#2"},
				"south": {"uv": [0, 0, 0.75, 1], "texture": "#2"},
				"west": {"uv": [0, 0, 0, 1], "texture": "#2"},
				"up": {"uv": [0, 0, 0.75, 0], "texture": "#2"},
				"down": {"uv": [0, 0, 0.75, 0], "texture": "#2"}
			}
		}
	]
}