{
	"credit": "Made with Blockbench",
	"ambientocclusion": false,
	"textures": {
		"torch": "block/christmas_lights",
		"particle": "block/christmas_lights"
	},
	"elements": [
		{
			"from": [0, 0, 0],
			"to": [0, 16, 16],
			"rotation": {"angle": 22.5, "axis": "z", "origin": [0, 16, 8]},
			"faces": {
				"north": {"uv": [0, 0, 0, 16], "texture": "#torch"},
				"east": {"uv": [0, 0, 16, 16], "texture": "#torch"},
				"south": {"uv": [0, 0, 0, 16], "texture": "#torch"},
				"west": {"uv": [0, 0, 16, 16], "texture": "#torch"},
				"up": {"uv": [0, 0, 0, 16], "texture": "#torch"},
				"down": {"uv": [0, 0, 0, 16], "texture": "#torch"}
			}
		}
	]
}